"Data","Price","Open","Max","Min","Volume"
"18.05.2020","0,001705","0,001678","0,001721","0,001671","783,95K"
"17.05.2020","0,001684","0,001711","0,001719","0,001670","595,64K"
"16.05.2020","0,001711","0,001684","0,001720","0,001684","865,99K"
"15.05.2020","0,001686","0,001672","0,001715","0,001666","805,53K"
"14.05.2020","0,001673","0,001739","0,001739","0,001664","787,81K"
"13.05.2020","0,001744","0,001788","0,001806","0,001726","821,84K"
"12.05.2020","0,001791","0,001762","0,001839","0,001737","1,05M"
"11.05.2020","0,001760","0,001758","0,001766","0,001672","884,94K"
"10.05.2020","0,001758","0,001756","0,001777","0,001685","884,71K"
"09.05.2020","0,001763","0,001749","0,001785","0,001742","800,92K"
"08.05.2020","0,001748","0,001702","0,001753","0,001701","885,30K"
"07.05.2020","0,001702","0,001788","0,001809","0,001691","852,21K"
"06.05.2020","0,001791","0,001870","0,001881","0,001791","768,15K"
"05.05.2020","0,001871","0,001919","0,001935","0,001871","760,90K"
"04.05.2020","0,001918","0,001918","0,001957","0,001895","756,33K"
"03.05.2020","0,001922","0,001954","0,001960","0,001912","784,02K"
"02.05.2020","0,001954","0,001974","0,001982","0,001948","871,11K"
"01.05.2020","0,001978","0,001967","0,002022","0,001947","1,06M"
"30.04.2020","0,001970","0,001978","0,002019","0,001902","1,15M"
"29.04.2020","0,001981","0,002110","0,002120","0,001944","1,07M"
"28.04.2020","0,002109","0,002112","0,002131","0,002097","856,14K"
"27.04.2020","0,002112","0,002124","0,002140","0,002096","876,19K"
"26.04.2020","0,002127","0,002154","0,002157","0,002127","822,00K"
"25.04.2020","0,002153","0,002120","0,002157","0,002115","887,36K"
"24.04.2020","0,002123","0,002144","0,002156","0,002111","871,75K"
"23.04.2020","0,002147","0,002203","0,002222","0,002132","1,08M"
"22.04.2020","0,002207","0,002211","0,002227","0,002183","1,01M"
"21.04.2020","0,002209","0,002184","0,002240","0,002177","1,16M"
"20.04.2020","0,002195","0,002256","0,002283","0,002191","1,06M"
"19.04.2020","0,002254","0,002292","0,002305","0,002246","1,10M"
"18.04.2020","0,002293","0,002225","0,002307","0,002225","1,60M"
"17.04.2020","0,002225","0,002206","0,002243","0,002171","1,26M"
"16.04.2020","0,002212","0,002201","0,002265","0,002174","1,44M"
"15.04.2020","0,002199","0,002270","0,002306","0,002191","1,72M"
"14.04.2020","0,002272","0,002197","0,002301","0,002172","2,29M"
"13.04.2020","0,002196","0,002072","0,002203","0,002048","2,17M"
"12.04.2020","0,002068","0,002006","0,002085","0,002006","1,93M"
"11.04.2020","0,002008","0,001996","0,002035","0,001995","1,58M"
"10.04.2020","0,002000","0,002060","0,002071","0,001996","1,53M"
"09.04.2020","0,002060","0,002053","0,002075","0,002048","1,85M"
"08.04.2020","0,002051","0,002042","0,002080","0,002027","1,65M"
"07.04.2020","0,002044","0,002073","0,002083","0,002006","1,70M"
"06.04.2020","0,002072","0,002020","0,002085","0,001991","2,04M"
"05.04.2020","0,002020","0,002005","0,002037","0,001992","2,22M"
"04.04.2020","0,002007","0,001988","0,002057","0,001973","2,41M"
"03.04.2020","0,001987","0,001916","0,001987","0,001912","2,15M"
"02.04.2020","0,001917","0,001910","0,001955","0,001897","1,83M"
"01.04.2020","0,001916","0,001957","0,001976","0,001907","1,66M"
"31.03.2020","0,001956","0,001899","0,001965","0,001893","1,98M"
"30.03.2020","0,001900","0,001922","0,001937","0,001883","1,11M"
"29.03.2020","0,001922","0,001953","0,001958","0,001920","1,18M"
"28.03.2020","0,001953","0,001939","0,001968","0,001918","1,29M"
"27.03.2020","0,001941","0,001958","0,001969","0,001921","1,22M"
"26.03.2020","0,001960","0,001844","0,001966","0,001832","1,50M"
"25.03.2020","0,001845","0,001841","0,001870","0,001827","1,17M"
"24.03.2020","0,001842","0,001884","0,001884","0,001828","1,26M"
"23.03.2020","0,001880","0,001917","0,001920","0,001865","1,53M"
"22.03.2020","0,001919","0,001956","0,001958","0,001905","1,85M"
"21.03.2020","0,001954","0,001918","0,001954","0,001903","2,43M"
"20.03.2020","0,001920","0,001986","0,002017","0,001814","1,99M"
"19.03.2020","0,001988","0,001924","0,001992","0,001906","2,25M"
"18.03.2020","0,001927","0,001928","0,001958","0,001908","2,05M"
"17.03.2020","0,001930","0,001873","0,001945","0,001867","2,51M"
"16.03.2020","0,001874","0,001938","0,001949","0,001846","1,97M"
"15.03.2020","0,001938","0,001962","0,001995","0,001899","2,51M"
"14.03.2020","0,001955","0,001967","0,002016","0,001952","2,71M"
"13.03.2020","0,001959","0,001917","0,002058","0,001675","4,91M"
"12.03.2020","0,001915","0,002085","0,002087","0,001815","3,38M"
"11.03.2020","0,002087","0,002135","0,002152","0,002032","1,12M"
"10.03.2020","0,002135","0,002094","0,002150","0,002083","1,66M"
"09.03.2020","0,002095","0,002105","0,002183","0,002046","1,52M"
"08.03.2020","0,002104","0,002280","0,002290","0,002091","1,30M"
"07.03.2020","0,002278","0,002337","0,002350","0,002232","1,48M"
"06.03.2020","0,002337","0,002290","0,002375","0,002288","2,22M"
"05.03.2020","0,002295","0,002279","0,002353","0,002271","2,01M"
"04.03.2020","0,002280","0,002251","0,002299","0,002248","1,68M"
"03.03.2020","0,002245","0,002232","0,002299","0,002219","1,30M"
"02.03.2020","0,002235","0,002217","0,002254","0,002207","1,52M"
"01.03.2020","0,002217","0,002253","0,002299","0,002192","1,21M"
"29.02.2020","0,002257","0,002187","0,002328","0,002171","1,71M"
"28.02.2020","0,002186","0,002173","0,002224","0,002117","1,26M"
"27.02.2020","0,002177","0,002126","0,002201","0,002074","1,52M"
"26.02.2020","0,002131","0,002180","0,002189","0,002060","1,15M"
"25.02.2020","0,002183","0,002288","0,002288","0,002162","944,53K"
"24.02.2020","0,002285","0,002298","0,002344","0,002259","1,12M"
"23.02.2020","0,002299","0,002273","0,002320","0,002272","1,40M"
"22.02.2020","0,002276","0,002289","0,002310","0,002250","845,79K"
"21.02.2020","0,002290","0,002308","0,002349","0,002262","1,09M"
"20.02.2020","0,002307","0,002332","0,002349","0,002232","970,12K"
"19.02.2020","0,002327","0,002368","0,002395","0,002294","863,49K"
"18.02.2020","0,002368","0,002423","0,002456","0,002356","1,24M"
"17.02.2020","0,002417","0,002350","0,002434","0,002252","1,56M"
"16.02.2020","0,002355","0,002447","0,002514","0,002262","1,66M"
"15.02.2020","0,002451","0,002548","0,002585","0,002395","1,68M"
"14.02.2020","0,002550","0,002487","0,002563","0,002475","1,57M"
"13.02.2020","0,002487","0,002561","0,002619","0,002439","1,54M"
"12.02.2020","0,002560","0,002512","0,002594","0,002462","1,46M"
"11.02.2020","0,002514","0,002548","0,002568","0,002404","1,58M"
"10.02.2020","0,002551","0,002398","0,002598","0,002355","2,22M"
"09.02.2020","0,002398","0,002203","0,002398","0,002201","1,45M"
"08.02.2020","0,002202","0,002246","0,002264","0,002158","1,10M"
"07.02.2020","0,002247","0,002114","0,002293","0,002094","1,65M"
"06.02.2020","0,002115","0,002002","0,002121","0,001989","1,33M"
"05.02.2020","0,002006","0,001978","0,002046","0,001975","1,02M"
"04.02.2020","0,001976","0,001986","0,001994","0,001958","539,27K"
"03.02.2020","0,001985","0,001974","0,001991","0,001954","627,23K"
"02.02.2020","0,001976","0,001944","0,001990","0,001935","701,39K"
"01.02.2020","0,001945","0,001954","0,001968","0,001933","583,35K"
"31.01.2020","0,001952","0,001952","0,001997","0,001929","668,80K"
"30.01.2020","0,001953","0,001923","0,001959","0,001912","809,24K"
"29.01.2020","0,001926","0,001923","0,001966","0,001916","617,98K"
"28.01.2020","0,001925","0,001984","0,001993","0,001912","593,13K"
"27.01.2020","0,001984","0,002029","0,002035","0,001973","572,91K"
"26.01.2020","0,002031","0,002032","0,002048","0,002023","720,45K"
"25.01.2020","0,002033","0,002022","0,002045","0,002001","619,88K"
"24.01.2020","0,002026","0,002031","0,002055","0,001987","677,58K"
"23.01.2020","0,002027","0,002052","0,002053","0,002010","653,21K"
"22.01.2020","0,002054","0,002072","0,002100","0,002033","814,35K"
"21.01.2020","0,002073","0,002004","0,002078","0,001996","1,07M"
"20.01.2020","0,002003","0,001995","0,002011","0,001969","826,00K"
"19.01.2020","0,001995","0,001994","0,002015","0,001944","835,47K"
"18.01.2020","0,001996","0,002026","0,002050","0,001982","975,26K"
"17.01.2020","0,002029","0,001956","0,002077","0,001956","1,39M"
"16.01.2020","0,001955","0,002002","0,002002","0,001898","900,92K"
"15.01.2020","0,001999","0,001881","0,002065","0,001879","1,61M"
"14.01.2020","0,001885","0,001870","0,001912","0,001815","1,10M"
"13.01.2020","0,001871","0,001876","0,001879","0,001849","816,39K"
"12.01.2020","0,001874","0,001860","0,001898","0,001853","1,06M"
"11.01.2020","0,001861","0,001840","0,001867","0,001819","1,02M"
"10.01.2020","0,001840","0,001840","0,001859","0,001825","893,95K"
"09.01.2020","0,001837","0,001805","0,001843","0,001805","826,56K"
"08.01.2020","0,001806","0,001843","0,001843","0,001763","779,05K"
"07.01.2020","0,001842","0,001925","0,001925","0,001834","698,26K"
"06.01.2020","0,001928","0,001908","0,001959","0,001901","1,09M"
"05.01.2020","0,001909","0,001876","0,001917","0,001865","1,06M"
"04.01.2020","0,001877","0,001858","0,001886","0,001853","818,92K"
"03.01.2020","0,001861","0,001867","0,001906","0,001851","587,65K"
"02.01.2020","0,001867","0,001902","0,001904","0,001865","642,43K"
"01.01.2020","0,001903","0,001906","0,001918","0,001891","787,78K"
"31.12.2019","0,001907","0,001911","0,001924","0,001894","835,63K"
"30.12.2019","0,001912","0,001908","0,001949","0,001902","1,01M"
"29.12.2019","0,001908","0,001870","0,001916","0,001856","1,03M"
"28.12.2019","0,001870","0,001830","0,001874","0,001826","839,83K"
"27.12.2019","0,001832","0,001823","0,001843","0,001820","639,57K"
"26.12.2019","0,001824","0,001815","0,001843","0,001812","621,09K"
"25.12.2019","0,001816","0,001839","0,001844","0,001806","601,56K"
"24.12.2019","0,001838","0,001816","0,001849","0,001816","763,69K"
"23.12.2019","0,001817","0,001834","0,001845","0,001803","573,93K"
"22.12.2019","0,001836","0,001863","0,001880","0,001830","759,40K"
"21.12.2019","0,001863","0,001874","0,001885","0,001858","789,86K"
"20.12.2019","0,001877","0,001863","0,001887","0,001847","1,05M"
"19.12.2019","0,001864","0,001870","0,001876","0,001836","766,26K"
"18.12.2019","0,001867","0,001870","0,001945","0,001841","1,10M"
"17.12.2019","0,001869","0,001952","0,001952","0,001843","839,92K"
"16.12.2019","0,001950","0,002019","0,002032","0,001929","729,16K"
"15.12.2019","0,002021","0,002036","0,002036","0,002008","533,88K"
"14.12.2019","0,002034","0,002046","0,002064","0,002020","621,95K"
"13.12.2019","0,002047","0,002044","0,002065","0,002035","596,84K"
"12.12.2019","0,002045","0,002044","0,002057","0,002018","541,56K"
"11.12.2019","0,002048","0,002049","0,002068","0,002034","620,36K"
"10.12.2019","0,002049","0,002089","0,002091","0,002021","771,80K"
"09.12.2019","0,002088","0,002078","0,002095","0,002067","922,27K"
"08.12.2019","0,002076","0,002085","0,002087","0,002071","921,76K"
"07.12.2019","0,002084","0,002080","0,002105","0,002070","1,02M"
"06.12.2019","0,002081","0,002120","0,002137","0,002070","910,06K"
"05.12.2019","0,002119","0,002103","0,002125","0,002050","1,19M"
"04.12.2019","0,002104","0,002090","0,002120","0,002050","1,23M"
"03.12.2019","0,002093","0,002073","0,002100","0,002064","1,10M"
"02.12.2019","0,002075","0,002085","0,002109","0,002071","1,01M"
"01.12.2019","0,002088","0,002079","0,002100","0,002057","919,13K"
"30.11.2019","0,002083","0,002095","0,002096","0,002057","649,26K"
"29.11.2019","0,002097","0,002091","0,002123","0,002061","1,01M"
"28.11.2019","0,002095","0,002139","0,002150","0,002076","752,12K"
"27.11.2019","0,002138","0,002146","0,002173","0,002078","1,22M"
"26.11.2019","0,002138","0,002130","0,002193","0,002122","952,70K"
"25.11.2019","0,002129","0,002174","0,002192","0,002124","1,20M"
"24.11.2019","0,002174","0,002220","0,002283","0,002160","1,15M"
"23.11.2019","0,002223","0,002129","0,002237","0,002106","1,18M"
"22.11.2019","0,002127","0,002198","0,002265","0,002101","1,48M"
"21.11.2019","0,002201","0,002233","0,002246","0,002158","922,14K"
"20.11.2019","0,002234","0,002270","0,002309","0,002204","769,50K"
"19.11.2019","0,002274","0,002328","0,002350","0,002253","690,69K"
"18.11.2019","0,002332","0,002375","0,002375","0,002293","810,30K"
"17.11.2019","0,002367","0,002374","0,002395","0,002335","756,00K"
"16.11.2019","0,002374","0,002393","0,002434","0,002352","739,43K"
"15.11.2019","0,002393","0,002466","0,002466","0,002365","861,57K"
"14.11.2019","0,002464","0,002436","0,002469","0,002406","1,03M"
"13.11.2019","0,002436","0,002378","0,002477","0,002357","1,48M"
"12.11.2019","0,002376","0,002302","0,002377","0,002291","1,40M"
"11.11.2019","0,002301","0,002260","0,002316","0,002252","1,21M"
"10.11.2019","0,002261","0,002238","0,002319","0,002237","1,10M"
"09.11.2019","0,002239","0,002238","0,002254","0,002224","779,93K"
"08.11.2019","0,002238","0,002216","0,002245","0,002200","831,06K"
"07.11.2019","0,002215","0,002212","0,002230","0,002177","805,13K"
"06.11.2019","0,002214","0,002219","0,002224","0,002201","961,55K"
"05.11.2019","0,002220","0,002193","0,002228","0,002189","1,21M"
"04.11.2019","0,002195","0,002194","0,002270","0,002170","1,13M"
"03.11.2019","0,002192","0,002172","0,002199","0,002169","902,01K"
"02.11.2019","0,002174","0,002167","0,002195","0,002159","995,27K"
"01.11.2019","0,002166","0,002174","0,002198","0,002154","853,41K"
"31.10.2019","0,002177","0,002191","0,002207","0,002138","1,08M"
"30.10.2019","0,002190","0,002207","0,002213","0,002119","1,03M"
"29.10.2019","0,002200","0,002165","0,002242","0,002148","1,31M"
"28.10.2019","0,002161","0,002025","0,002187","0,001981","1,60M"
"27.10.2019","0,002025","0,002045","0,002097","0,001963","1,38M"
"26.10.2019","0,002051","0,002149","0,002150","0,001897","1,46M"
"25.10.2019","0,002150","0,002282","0,002353","0,002138","1,90M"
"24.10.2019","0,002284","0,002235","0,002293","0,002218","1,30M"
"23.10.2019","0,002235","0,002267","0,002268","0,002203","1,01M"
"22.10.2019","0,002273","0,002227","0,002280","0,002211","1,24M"
"21.10.2019","0,002224","0,002249","0,002249","0,002190","964,32K"
"20.10.2019","0,002250","0,002292","0,002300","0,002222","1,22M"
"19.10.2019","0,002290","0,002292","0,002301","0,002262","1,40M"
"18.10.2019","0,002292","0,002288","0,002319","0,002259","1,10M"
"17.10.2019","0,002295","0,002220","0,002330","0,002207","1,43M"
"16.10.2019","0,002219","0,002272","0,002286","0,002185","1,35M"
"15.10.2019","0,002278","0,002211","0,002303","0,002187","1,68M"
"14.10.2019","0,002212","0,002206","0,002250","0,002152","1,33M"
"13.10.2019","0,002207","0,002068","0,002225","0,002066","1,71M"
"12.10.2019","0,002071","0,002006","0,002099","0,001999","1,20M"
"11.10.2019","0,002005","0,002051","0,002051","0,001990","1,02M"
"10.10.2019","0,002049","0,002069","0,002097","0,002016","1,30M"
"09.10.2019","0,002068","0,001959","0,002160","0,001953","2,01M"
"08.10.2019","0,001958","0,001957","0,001965","0,001935","714,06K"
"07.10.2019","0,001955","0,001916","0,001964","0,001910","871,38K"
"06.10.2019","0,001916","0,001929","0,001933","0,001906","636,26K"
"05.10.2019","0,001929","0,001919","0,001934","0,001910","664,23K"
"04.10.2019","0,001918","0,001902","0,001937","0,001895","685,81K"
"03.10.2019","0,001902","0,001899","0,001911","0,001888","707,31K"
"02.10.2019","0,001898","0,001912","0,001912","0,001892","769,12K"
"01.10.2019","0,001906","0,001911","0,001920","0,001895","785,72K"
"30.09.2019","0,001910","0,001890","0,001915","0,001885","828,60K"
"29.09.2019","0,001890","0,001917","0,001929","0,001877","801,40K"
"28.09.2019","0,001916","0,001915","0,001935","0,001905","947,12K"
"27.09.2019","0,001915","0,001887","0,001929","0,001870","988,53K"
"26.09.2019","0,001887","0,001902","0,001944","0,001857","1,13M"
"25.09.2019","0,001901","0,001860","0,001919","0,001807","1,32M"
"24.09.2019","0,001863","0,001990","0,002004","0,001850","1,61M"
"23.09.2019","0,001991","0,002029","0,002030","0,001981","856,88K"
"22.09.2019","0,002031","0,002096","0,002098","0,002007","1,06M"
"21.09.2019","0,002101","0,002091","0,002124","0,002084","1,49M"
"20.09.2019","0,002091","0,002102","0,002120","0,002061","1,50M"
"19.09.2019","0,002102","0,002184","0,002204","0,002066","1,77M"
"18.09.2019","0,002183","0,002064","0,002279","0,002053","2,52M"
"17.09.2019","0,002059","0,001974","0,002094","0,001966","1,32M"
"16.09.2019","0,001974","0,001969","0,002016","0,001961","736,10K"
"15.09.2019","0,001970","0,002029","0,002036","0,001970","817,20K"
"14.09.2019","0,002027","0,002009","0,002035","0,002008","1,05M"
"13.09.2019","0,002010","0,001996","0,002047","0,001990","1,14M"
"12.09.2019","0,002000","0,002039","0,002057","0,001959","1,23M"
"11.09.2019","0,002040","0,002156","0,002156","0,002028","798,00K"
"10.09.2019","0,002155","0,002145","0,002163","0,002140","815,36K"
"09.09.2019","0,002145","0,002154","0,002172","0,002133","809,27K"
"08.09.2019","0,002156","0,002141","0,002165","0,002137","1,04M"
"07.09.2019","0,002143","0,002134","0,002177","0,002120","1,30M"
"06.09.2019","0,002137","0,002144","0,002181","0,002075","1,46M"
"05.09.2019","0,002142","0,002052","0,002236","0,002024","1,73M"
"04.09.2019","0,002051","0,002109","0,002137","0,002035","870,20K"
"03.09.2019","0,002107","0,002196","0,002212","0,002104","958,08K"
"02.09.2019","0,002200","0,002203","0,002290","0,002159","1,27M"
"01.09.2019","0,002203","0,002197","0,002255","0,002191","928,35K"
"31.08.2019","0,002195","0,002311","0,002322","0,002193","1,00M"
"30.08.2019","0,002310","0,002295","0,002352","0,002291","991,05K"
"29.08.2019","0,002294","0,002402","0,002402","0,002275","1,01M"
"28.08.2019","0,002403","0,002513","0,002572","0,002403","1,24M"
"27.08.2019","0,002515","0,002514","0,002532","0,002431","1,06M"
"26.08.2019","0,002518","0,002573","0,002631","0,002500","1,58M"
"25.08.2019","0,002572","0,002597","0,002603","0,002550","862,65K"
"24.08.2019","0,002597","0,002586","0,002634","0,002581","950,90K"
"23.08.2019","0,002595","0,002665","0,002682","0,002592","952,01K"
"22.08.2019","0,002667","0,002661","0,002699","0,002655","1,18M"
"21.08.2019","0,002656","0,002604","0,002683","0,002592","1,17M"
"20.08.2019","0,002607","0,002633","0,002651","0,002597","1,02M"
"19.08.2019","0,002640","0,002709","0,002745","0,002640","1,25M"
"18.08.2019","0,002707","0,002691","0,002707","0,002644","1,46M"
"17.08.2019","0,002689","0,002662","0,002699","0,002653","1,36M"
"16.08.2019","0,002660","0,002728","0,002756","0,002641","1,15M"
"15.08.2019","0,002729","0,002680","0,002771","0,002669","1,43M"
"14.08.2019","0,002687","0,002702","0,002747","0,002646","1,36M"
"13.08.2019","0,002702","0,002648","0,002711","0,002645","1,61M"
"12.08.2019","0,002651","0,002620","0,002672","0,002617","1,52M"
"11.08.2019","0,002619","0,002618","0,002678","0,002595","1,53M"
"10.08.2019","0,002623","0,002509","0,002623","0,002468","1,41M"
"09.08.2019","0,002510","0,002588","0,002645","0,002497","1,21M"
"08.08.2019","0,002602","0,002475","0,002683","0,002451","2,51M"
"07.08.2019","0,002479","0,002407","0,002546","0,002342","2,00M"
"06.08.2019","0,002409","0,002368","0,002439","0,002277","1,23M"
"05.08.2019","0,002368","0,002498","0,002501","0,002332","1,47M"
"04.08.2019","0,002505","0,002564","0,002594","0,002485","946,16K"
"03.08.2019","0,002565","0,002667","0,002679","0,002527","1,02M"
"02.08.2019","0,002666","0,002764","0,002764","0,002627","1,21M"
"01.08.2019","0,002769","0,002747","0,002888","0,002726","1,78M"
"31.07.2019","0,002751","0,002808","0,002863","0,002744","1,05M"
"30.07.2019","0,002812","0,002815","0,002830","0,002776","1,06M"
"29.07.2019","0,002840","0,002893","0,002893","0,002831","1,02M"
"28.07.2019","0,002910","0,002910","0,002915","0,002888","1,14M"
"27.07.2019","0,002921","0,002933","0,002933","0,002871","1,43M"
"26.07.2019","0,002945","0,002909","0,002954","0,002909","1,80M"
"25.07.2019","0,002926","0,002932","0,002953","0,002893","1,69M"
"24.07.2019","0,002958","0,002950","0,002990","0,002880","1,95M"
"23.07.2019","0,002986","0,002979","0,002990","0,002920","2,29M"
"22.07.2019","0,002985","0,002871","0,003097","0,002853","2,50M"
"21.07.2019","0,002875","0,002895","0,002935","0,002827","2,30M"
"20.07.2019","0,002897","0,002760","0,002945","0,002757","3,05M"
"19.07.2019","0,002761","0,002724","0,002836","0,002719","4,70M"
"18.07.2019","0,002723","0,002858","0,003076","0,002716","6,02M"
"17.07.2019","0,002856","0,002654","0,002876","0,002616","4,79M"
"16.07.2019","0,002654","0,002636","0,002708","0,002601","4,70M"
"15.07.2019","0,002636","0,002799","0,002813","0,002572","3,43M"
"14.07.2019","0,002805","0,002769","0,002817","0,002736","2,71M"
"13.07.2019","0,002767","0,002708","0,002800","0,002705","2,28M"
"12.07.2019","0,002713","0,002596","0,002888","0,002548","3,08M"
"11.07.2019","0,002594","0,002581","0,002721","0,002479","1,77M"
"10.07.2019","0,002578","0,002591","0,002661","0,002422","1,94M"
"09.07.2019","0,002588","0,002723","0,002760","0,002586","1,41M"
"08.07.2019","0,002723","0,002886","0,002977","0,002693","1,68M"
"07.07.2019","0,002888","0,002893","0,002960","0,002866","1,06M"
"06.07.2019","0,002894","0,002965","0,002965","0,002830","1,04M"
"05.07.2019","0,002972","0,002960","0,003034","0,002896","1,50M"
"04.07.2019","0,002960","0,002716","0,002983","0,002710","2,27M"
"03.07.2019","0,002725","0,002942","0,002962","0,002710","1,79M"
"02.07.2019","0,002949","0,003130","0,003430","0,002898","3,08M"
"01.07.2019","0,003129","0,002932","0,003182","0,002913","2,10M"
"30.06.2019","0,002967","0,002968","0,002989","0,002858","1,76M"
"29.06.2019","0,002983","0,002772","0,003019","0,002737","2,34M"
"28.06.2019","0,002786","0,003028","0,003108","0,002739","2,54M"
"27.06.2019","0,003038","0,002749","0,003175","0,002648","3,60M"
"26.06.2019","0,002751","0,003051","0,003089","0,002579","3,58M"
"25.06.2019","0,003052","0,003383","0,003390","0,003040","1,99M"
"24.06.2019","0,003387","0,003418","0,003484","0,003371","2,20M"
"23.06.2019","0,003416","0,003540","0,003577","0,003291","2,51M"
"22.06.2019","0,003538","0,003808","0,003843","0,003481","2,39M"
"21.06.2019","0,003806","0,003858","0,003902","0,003726","3,05M"
"20.06.2019","0,003874","0,003801","0,004007","0,003715","3,97M"
"19.06.2019","0,003801","0,003789","0,003911","0,003784","3,09M"
"18.06.2019","0,003791","0,003634","0,003839","0,003629","3,02M"
"17.06.2019","0,003634","0,003596","0,003714","0,003521","2,54M"
"16.06.2019","0,003593","0,003708","0,003745","0,003496","2,36M"
"15.06.2019","0,003716","0,003741","0,003930","0,003678","3,15M"
"14.06.2019","0,003743","0,004289","0,004289","0,003558","4,98M"
"13.06.2019","0,004289","0,004293","0,004483","0,004159","2,65M"
"12.06.2019","0,004284","0,004043","0,004317","0,004043","3,06M"
"11.06.2019","0,004048","0,004008","0,004051","0,003962","2,48M"
"10.06.2019","0,004012","0,003950","0,004044","0,003942","2,70M"
"09.06.2019","0,003952","0,004016","0,004034","0,003938","1,98M"
"08.06.2019","0,004016","0,003931","0,004048","0,003925","2,71M"
"07.06.2019","0,003934","0,003999","0,004025","0,003929","1,71M"
"06.06.2019","0,004003","0,003974","0,004095","0,003930","2,46M"
"05.06.2019","0,003971","0,003808","0,003993","0,003760","2,46M"
"04.06.2019","0,003795","0,003798","0,003917","0,003744","2,13M"
"03.06.2019","0,003793","0,003796","0,003800","0,003694","1,81M"
"02.06.2019","0,003802","0,003898","0,003898","0,003792","2,09M"
"01.06.2019","0,003898","0,003848","0,004013","0,003806","2,68M"
"31.05.2019","0,003846","0,003826","0,003850","0,003737","2,90M"
"30.05.2019","0,003822","0,003890","0,004055","0,003711","3,10M"
"29.05.2019","0,003885","0,003803","0,003933","0,003663","3,39M"
"28.05.2019","0,003796","0,003826","0,003930","0,003757","3,24M"
"27.05.2019","0,003820","0,003824","0,004022","0,003727","3,66M"
"26.05.2019","0,003858","0,004362","0,004362","0,003790","4,12M"
"25.05.2019","0,004382","0,004254","0,004406","0,004232","4,55M"
"24.05.2019","0,004283","0,003977","0,004360","0,003977","4,35M"
"23.05.2019","0,004004","0,004041","0,004124","0,003956","3,83M"
"22.05.2019","0,004070","0,004010","0,004114","0,003935","3,97M"
"21.05.2019","0,004100","0,003647","0,004146","0,003557","4,80M"
"20.05.2019","0,003681","0,003518","0,003736","0,003518","3,73M"
"19.05.2019","0,003578","0,003960","0,003983","0,003502","3,85M"
"18.05.2019","0,003978","0,003500","0,003999","0,003452","3,77M"
"17.05.2019","0,003506","0,003343","0,003557","0,003259","3,14M"
"16.05.2019","0,003341","0,003278","0,003461","0,003215","3,02M"
"15.05.2019","0,003283","0,002977","0,003490","0,002914","3,13M"
"14.05.2019","0,002980","0,003022","0,003081","0,002881","3,54M"
"13.05.2019","0,003019","0,003003","0,003341","0,002920","4,54M"
"12.05.2019","0,003004","0,002937","0,003041","0,002800","3,07M"
"11.05.2019","0,002928","0,003081","0,003181","0,002770","3,44M"
"10.05.2019","0,003076","0,003034","0,003179","0,002895","2,33M"
"09.05.2019","0,003033","0,003448","0,003449","0,002990","2,21M"
"08.05.2019","0,003448","0,003536","0,003638","0,003343","2,12M"
"07.05.2019","0,003540","0,003861","0,003880","0,003474","1,32M"
"06.05.2019","0,003864","0,003979","0,003980","0,003809","1,18M"
"05.05.2019","0,003979","0,003925","0,003999","0,003911","1,30M"
"04.05.2019","0,003927","0,004112","0,004115","0,003903","1,37M"
"03.05.2019","0,004108","0,004294","0,004333","0,003984","1,79M"
"02.05.2019","0,004301","0,004069","0,004387","0,004001","1,81M"
"01.05.2019","0,004066","0,004142","0,004147","0,004016","1,38M"
"30.04.2019","0,004144","0,004142","0,004197","0,004089","1,47M"
"29.04.2019","0,004143","0,004334","0,004345","0,004081","1,58M"
"28.04.2019","0,004333","0,004232","0,004366","0,004231","1,93M"
"27.04.2019","0,004235","0,004340","0,004358","0,004215","1,78M"
"26.04.2019","0,004340","0,004307","0,004438","0,004189","2,06M"
"25.04.2019","0,004306","0,004245","0,004344","0,004114","2,23M"
"24.04.2019","0,004245","0,004057","0,004285","0,003865","2,18M"
"23.04.2019","0,004101","0,004435","0,004495","0,004066","2,53M"
"22.04.2019","0,004441","0,004552","0,004670","0,004331","2,50M"
"21.04.2019","0,004566","0,004683","0,004693","0,004317","2,55M"
"20.04.2019","0,004700","0,004599","0,004811","0,004525","3,04M"
"19.04.2019","0,004627","0,004152","0,004706","0,004064","3,76M"
"18.04.2019","0,004163","0,003738","0,004188","0,003714","2,79M"
"17.04.2019","0,003744","0,003790","0,003811","0,003715","1,62M"
"16.04.2019","0,003794","0,003828","0,003874","0,003700","1,83M"
"15.04.2019","0,003833","0,003775","0,003873","0,003695","1,93M"
"14.04.2019","0,003776","0,003667","0,003922","0,003644","2,17M"
"13.04.2019","0,003688","0,003609","0,003688","0,003562","1,83M"
"12.04.2019","0,003626","0,003474","0,003676","0,003387","1,93M"
"11.04.2019","0,003493","0,003418","0,003512","0,003300","1,66M"
"10.04.2019","0,003437","0,003542","0,003570","0,003378","1,97M"
"09.04.2019","0,003554","0,003426","0,003590","0,003315","2,19M"
"08.04.2019","0,003430","0,003659","0,003671","0,003426","1,44M"
"07.04.2019","0,003663","0,003765","0,003778","0,003643","1,63M"
"06.04.2019","0,003784","0,003864","0,003877","0,003674","1,77M"
"05.04.2019","0,003873","0,003887","0,003915","0,003802","1,92M"
"04.04.2019","0,003874","0,003756","0,003992","0,003731","2,15M"
"03.04.2019","0,003751","0,004063","0,004086","0,003615","2,69M"
"02.04.2019","0,004062","0,004318","0,004328","0,003735","2,85M"
"01.04.2019","0,004318","0,004265","0,004415","0,004205","2,33M"
"31.03.2019","0,004270","0,004133","0,004319","0,004087","2,45M"
"30.03.2019","0,004133","0,004018","0,004138","0,003927","2,17M"
"29.03.2019","0,004020","0,004130","0,004152","0,004001","2,13M"
"28.03.2019","0,004133","0,004099","0,004156","0,004087","2,43M"
"27.03.2019","0,004105","0,004095","0,004204","0,004030","2,61M"
"26.03.2019","0,004100","0,004264","0,004264","0,003978","2,33M"
"25.03.2019","0,004269","0,004289","0,004342","0,004091","2,28M"
"24.03.2019","0,004292","0,003780","0,004366","0,003683","4,94M"
"23.03.2019","0,003782","0,003798","0,003850","0,003750","1,89M"
"22.03.2019","0,003799","0,003603","0,003810","0,003574","1,98M"
"21.03.2019","0,003608","0,003743","0,003785","0,003551","2,05M"
"20.03.2019","0,003742","0,003861","0,003861","0,003735","1,99M"
"19.03.2019","0,003861","0,003895","0,003968","0,003755","3,16M"
"18.03.2019","0,003896","0,003917","0,003942","0,003838","1,66M"
"17.03.2019","0,003922","0,003984","0,003984","0,003901","2,27M"
"16.03.2019","0,003984","0,003803","0,003994","0,003719","2,55M"
"15.03.2019","0,003808","0,003840","0,003898","0,003800","2,37M"
"14.03.2019","0,003845","0,003891","0,003891","0,003769","2,40M"
"13.03.2019","0,003887","0,003946","0,003964","0,003866","2,55M"
"12.03.2019","0,003948","0,003722","0,003970","0,003695","3,02M"
"11.03.2019","0,003724","0,003672","0,003790","0,003642","2,70M"
"10.03.2019","0,003670","0,003668","0,003685","0,003554","2,48M"
"09.03.2019","0,003666","0,003687","0,003831","0,003602","2,85M"
"08.03.2019","0,003694","0,003901","0,003917","0,003467","4,04M"
"07.03.2019","0,003894","0,003767","0,003975","0,003706","4,12M"
"06.03.2019","0,003775","0,003530","0,003799","0,003362","3,80M"
"05.03.2019","0,003538","0,003069","0,003662","0,003067","4,87M"
"04.03.2019","0,003070","0,003008","0,003078","0,002922","1,66M"
"03.03.2019","0,003007","0,003072","0,003100","0,002943","2,01M"
"02.03.2019","0,003079","0,002964","0,003091","0,002843","2,77M"
"01.03.2019","0,002967","0,002696","0,002997","0,002682","3,09M"
"28.02.2019","0,002695","0,002582","0,002734","0,002560","2,90M"
"27.02.2019","0,002582","0,002472","0,002613","0,002459","2,79M"
"26.02.2019","0,002474","0,002532","0,002546","0,002458","2,41M"
"25.02.2019","0,002530","0,002650","0,002699","0,002468","4,18M"
"24.02.2019","0,002648","0,002604","0,002699","0,002524","2,31M"
"23.02.2019","0,002603","0,002716","0,002716","0,002568","1,68M"
"22.02.2019","0,002715","0,002659","0,002772","0,002640","1,76M"
"21.02.2019","0,002659","0,002750","0,002753","0,002563","1,86M"
"20.02.2019","0,002750","0,002678","0,002865","0,002660","2,75M"
"19.02.2019","0,002679","0,002466","0,002800","0,002438","2,99M"
"18.02.2019","0,002462","0,002516","0,002546","0,002414","1,78M"
"17.02.2019","0,002514","0,002517","0,002534","0,002447","1,99M"
"16.02.2019","0,002516","0,002579","0,002589","0,002497","2,07M"
"15.02.2019","0,002568","0,002441","0,002625","0,002430","2,30M"
"14.02.2019","0,002437","0,002461","0,002499","0,002343","2,26M"
"13.02.2019","0,002476","0,002552","0,002554","0,002418","3,09M"
"12.02.2019","0,002554","0,002623","0,002698","0,002473","3,90M"
"11.02.2019","0,002623","0,002489","0,002688","0,002483","4,74M"
"10.02.2019","0,002490","0,002428","0,002559","0,002407","4,36M"
"09.02.2019","0,002427","0,002351","0,002436","0,002315","3,91M"
"08.02.2019","0,002346","0,002295","0,002422","0,002245","3,36M"
"07.02.2019","0,002297","0,002383","0,002483","0,002263","3,17M"
"06.02.2019","0,002386","0,002263","0,002483","0,002156","4,30M"
"05.02.2019","0,002266","0,002053","0,002299","0,002011","3,95M"
"04.02.2019","0,002053","0,001960","0,002072","0,001934","3,14M"
"03.02.2019","0,001963","0,001959","0,001995","0,001922","2,72M"
"02.02.2019","0,001961","0,001883","0,001979","0,001876","2,94M"
"01.02.2019","0,001883","0,001815","0,001930","0,001789","2,63M"
"31.01.2019","0,001814","0,001774","0,001824","0,001742","2,15M"
"30.01.2019","0,001774","0,001796","0,001798","0,001751","1,85M"
"29.01.2019","0,001797","0,001794","0,001826","0,001771","2,60M"
"28.01.2019","0,001792","0,001982","0,002044","0,001749","4,30M"
"27.01.2019","0,001982","0,001947","0,002022","0,001902","3,01M"
"26.01.2019","0,001947","0,001875","0,001955","0,001843","2,88M"
"25.01.2019","0,001873","0,001808","0,001892","0,001803","2,72M"
"24.01.2019","0,001808","0,001826","0,001826","0,001801","1,60M"
"23.01.2019","0,001827","0,001812","0,001831","0,001802","2,11M"
"22.01.2019","0,001812","0,001835","0,001838","0,001790","1,91M"
"21.01.2019","0,001834","0,001811","0,001844","0,001791","2,62M"
"20.01.2019","0,001810","0,001780","0,001833","0,001774","2,41M"
"19.01.2019","0,001782","0,001805","0,001805","0,001729","1,74M"
"18.01.2019","0,001800","0,001748","0,001824","0,001725","2,35M"
"17.01.2019","0,001748","0,001697","0,001749","0,001667","2,10M"
"16.01.2019","0,001697","0,001634","0,001720","0,001626","2,00M"
"15.01.2019","0,001634","0,001671","0,001671","0,001606","1,28M"
"14.01.2019","0,001670","0,001572","0,001670","0,001571","2,06M"
"13.01.2019","0,001573","0,001635","0,001643","0,001550","1,26M"
"12.01.2019","0,001636","0,001655","0,001657","0,001613","1,59M"
"11.01.2019","0,001653","0,001634","0,001693","0,001602","2,63M"
"10.01.2019","0,001627","0,001646","0,001650","0,001585","3,58M"
"09.01.2019","0,001653","0,001646","0,001718","0,001604","3,32M"
"08.01.2019","0,001645","0,001559","0,001691","0,001558","3,37M"
"07.01.2019","0,001560","0,001571","0,001575","0,001545","1,63M"
"06.01.2019","0,001571","0,001579","0,001616","0,001547","1,53M"
"05.01.2019","0,001580","0,001573","0,001595","0,001561","1,48M"
"04.01.2019","0,001573","0,001538","0,001597","0,001535","1,57M"
"03.01.2019","0,001538","0,001567","0,001569","0,001533","1,12M"
"02.01.2019","0,001567","0,001576","0,001583","0,001548","1,44M"
"01.01.2019","0,001578","0,001653","0,001654","0,001568","1,52M"
"31.12.2018","0,001652","0,001550","0,001662","0,001548","2,51M"
"30.12.2018","0,001550","0,001530","0,001550","0,001516","1,26M"
"29.12.2018","0,001532","0,001531","0,001540","0,001516","1,08M"
"28.12.2018","0,001530","0,001452","0,001550","0,001437","1,47M"
"27.12.2018","0,001450","0,001484","0,001487","0,001440","967,98K"
"26.12.2018","0,001485","0,001454","0,001491","0,001449","1,27M"
"25.12.2018","0,001454","0,001520","0,001520","0,001430","977,56K"
"24.12.2018","0,001516","0,001517","0,001550","0,001481","1,54M"
"23.12.2018","0,001517","0,001474","0,001540","0,001462","1,91M"
"22.12.2018","0,001476","0,001425","0,001509","0,001415","1,77M"
"21.12.2018","0,001426","0,001399","0,001436","0,001395","1,20M"
"20.12.2018","0,001401","0,001460","0,001472","0,001368","1,12M"
"19.12.2018","0,001460","0,001513","0,001513","0,001441","1,09M"
"18.12.2018","0,001516","0,001445","0,001532","0,001425","1,56M"
"17.12.2018","0,001442","0,001431","0,001447","0,001410","1,03M"
"16.12.2018","0,001432","0,001414","0,001445","0,001403","1,11M"
"15.12.2018","0,001413","0,001400","0,001425","0,001393","922,53K"
"14.12.2018","0,001401","0,001405","0,001435","0,001381","908,53K"
"13.12.2018","0,001406","0,001447","0,001447","0,001388","907,90K"
"12.12.2018","0,001443","0,001450","0,001477","0,001403","1,11M"
"11.12.2018","0,001442","0,001349","0,001456","0,001345","1,47M"
"10.12.2018","0,001349","0,001345","0,001378","0,001324","1,13M"
"09.12.2018","0,001347","0,001359","0,001390","0,001327","1,11M"
"08.12.2018","0,001357","0,001327","0,001387","0,001295","1,13M"
"07.12.2018","0,001326","0,001393","0,001418","0,001273","1,55M"
"06.12.2018","0,001398","0,001611","0,001611","0,001366","2,48M"
"05.12.2018","0,001610","0,001498","0,001694","0,001476","3,73M"
"04.12.2018","0,001492","0,001320","0,001599","0,001320","2,58M"
"03.12.2018","0,001320","0,001269","0,001320","0,001261","719,04K"
"02.12.2018","0,001269","0,001260","0,001287","0,001252","534,17K"
"01.12.2018","0,001259","0,001265","0,001275","0,001249","421,16K"
"30.11.2018","0,001265","0,001253","0,001268","0,001244","513,75K"
"29.11.2018","0,001251","0,001253","0,001273","0,001240","522,75K"
"28.11.2018","0,001251","0,001287","0,001303","0,001234","629,15K"
"27.11.2018","0,001286","0,001307","0,001307","0,001265","459,60K"
"26.11.2018","0,001305","0,001292","0,001310","0,001263","512,92K"
"25.11.2018","0,001292","0,001317","0,001320","0,001239","540,34K"
"24.11.2018","0,001322","0,001282","0,001322","0,001235","650,71K"
"23.11.2018","0,001278","0,001323","0,001323","0,001265","498,88K"
"22.11.2018","0,001320","0,001348","0,001361","0,001312","546,61K"
"21.11.2018","0,001348","0,001301","0,001349","0,001273","778,35K"
"20.11.2018","0,001297","0,001364","0,001378","0,001259","1,35M"
"19.11.2018","0,001365","0,001427","0,001427","0,001332","1,05M"
"18.11.2018","0,001426","0,001393","0,001427","0,001389","637,71K"
"17.11.2018","0,001393","0,001416","0,001420","0,001375","935,54K"
"16.11.2018","0,001416","0,001456","0,001458","0,001411","848,76K"
"15.11.2018","0,001454","0,001467","0,001473","0,001442","825,28K"
"14.11.2018","0,001469","0,001452","0,001482","0,001430","709,94K"
"13.11.2018","0,001454","0,001470","0,001484","0,001445","632,50K"
"12.11.2018","0,001468","0,001479","0,001480","0,001447","702,56K"
"11.11.2018","0,001479","0,001490","0,001492","0,001471","758,46K"
"10.11.2018","0,001489","0,001496","0,001497","0,001488","751,21K"
"09.11.2018","0,001496","0,001497","0,001499","0,001487","771,30K"
"08.11.2018","0,001492","0,001505","0,001512","0,001490","808,74K"
"07.11.2018","0,001504","0,001513","0,001516","0,001500","844,85K"
"06.11.2018","0,001513","0,001509","0,001516","0,001499","891,41K"
"05.11.2018","0,001508","0,001513","0,001514","0,001499","841,69K"
"04.11.2018","0,001514","0,001502","0,001526","0,001493","962,22K"
"03.11.2018","0,001499","0,001502","0,001507","0,001491","849,10K"
"02.11.2018","0,001501","0,001498","0,001508","0,001491","872,75K"
"01.11.2018","0,001500","0,001490","0,001505","0,001485","808,16K"
"31.10.2018","0,001490","0,001491","0,001491","0,001482","735,28K"
"30.10.2018","0,001490","0,001489","0,001497","0,001483","784,38K"
"29.10.2018","0,001488","0,001496","0,001498","0,001478","795,95K"
"28.10.2018","0,001497","0,001495","0,001499","0,001488","908,34K"
"27.10.2018","0,001495","0,001501","0,001502","0,001491","877,90K"
"26.10.2018","0,001502","0,001501","0,001503","0,001494","961,06K"
"25.10.2018","0,001501","0,001504","0,001508","0,001493","1,03M"
"24.10.2018","0,001504","0,001515","0,001515","0,001497","1,05M"
"23.10.2018","0,001515","0,001503","0,001523","0,001500","1,21M"
"22.10.2018","0,001502","0,001503","0,001506","0,001496","1,04M"
"21.10.2018","0,001507","0,001506","0,001510","0,001497","989,26K"
"20.10.2018","0,001507","0,001516","0,001516","0,001503","976,74K"
"19.10.2018","0,001516","0,001498","0,001516","0,001485","1,10M"
"18.10.2018","0,001499","0,001520","0,001523","0,001492","1,25M"
"17.10.2018","0,001519","0,001520","0,001535","0,001505","1,45M"
"16.10.2018","0,001520","0,001564","0,001565","0,001508","1,22M"
"15.10.2018","0,001564","0,001513","0,001573","0,001450","1,71M"
"14.10.2018","0,001514","0,001529","0,001532","0,001505","874,19K"
"13.10.2018","0,001532","0,001519","0,001537","0,001514","1,08M"
"12.10.2018","0,001520","0,001496","0,001536","0,001488","1,04M"
"11.10.2018","0,001498","0,001568","0,001581","0,001486","898,45K"
"10.10.2018","0,001566","0,001564","0,001580","0,001555","1,04M"
"09.10.2018","0,001565","0,001582","0,001595","0,001548","1,07M"
"08.10.2018","0,001583","0,001599","0,001603","0,001579","1,25M"
"07.10.2018","0,001599","0,001579","0,001599","0,001572","1,34M"
"06.10.2018","0,001580","0,001610","0,001626","0,001568","1,21M"
"05.10.2018","0,001608","0,001561","0,001634","0,001551","1,66M"
"04.10.2018","0,001561","0,001583","0,001584","0,001555","1,21M"
"03.10.2018","0,001583","0,001579","0,001607","0,001556","1,54M"
"02.10.2018","0,001579","0,001511","0,001620","0,001504","1,61M"
"01.10.2018","0,001509","0,001511","0,001515","0,001499","937,01K"
"30.09.2018","0,001511","0,001516","0,001516","0,001497","955,17K"
"29.09.2018","0,001514","0,001504","0,001525","0,001494","1,01M"
"28.09.2018","0,001501","0,001505","0,001519","0,001489","982,31K"
"27.09.2018","0,001503","0,001504","0,001515","0,001497","1,02M"
"26.09.2018","0,001501","0,001525","0,001525","0,001486","675,71K"
"25.09.2018","0,001524","0,001525","0,001531","0,001477","649,89K"
"24.09.2018","0,001524","0,001534","0,001539","0,001506","697,13K"
"23.09.2018","0,001533","0,001528","0,001539","0,001514","727,66K"
"22.09.2018","0,001527","0,001549","0,001552","0,001504","635,32K"
"21.09.2018","0,001548","0,001547","0,001549","0,001510","1,00M"
"20.09.2018","0,001544","0,001502","0,001549","0,001500","1,09M"
"19.09.2018","0,001506","0,001504","0,001529","0,001490","981,15K"
"18.09.2018","0,001502","0,001502","0,001515","0,001480","976,33K"
"17.09.2018","0,001498","0,001526","0,001544","0,001484","925,36K"
"16.09.2018","0,001529","0,001545","0,001551","0,001510","871,52K"
"15.09.2018","0,001546","0,001523","0,001573","0,001523","1,16M"
"14.09.2018","0,001526","0,001479","0,001545","0,001469","1,11M"
"13.09.2018","0,001477","0,001453","0,001492","0,001452","1,01M"
"12.09.2018","0,001453","0,001491","0,001507","0,001435","1,00M"
"11.09.2018","0,001488","0,001509","0,001511","0,001470","718,64K"
"10.09.2018","0,001511","0,001523","0,001545","0,001487","493,62K"
"09.09.2018","0,001522","0,001537","0,001537","0,001490","441,50K"
"08.09.2018","0,001538","0,001554","0,001566","0,001517","491,34K"
"07.09.2018","0,001553","0,001578","0,001578","0,001525","676,52K"
"06.09.2018","0,001577","0,001490","0,001583","0,001486","881,08K"
"05.09.2018","0,001487","0,001551","0,001566","0,001470","859,80K"
"04.09.2018","0,001551","0,001559","0,001570","0,001532","510,76K"
"03.09.2018","0,001558","0,001559","0,001570","0,001539","568,66K"
"02.09.2018","0,001559","0,001591","0,001593","0,001530","629,70K"
"01.09.2018","0,001593","0,001564","0,001619","0,001564","952,11K"
"31.08.2018","0,001565","0,001542","0,001566","0,001523","682,38K"
"30.08.2018","0,001542","0,001587","0,001589","0,001511","744,33K"
"29.08.2018","0,001587","0,001622","0,001624","0,001546","1,05M"
"28.08.2018","0,001626","0,001619","0,001626","0,001563","1,54M"
"27.08.2018","0,001619","0,001525","0,001679","0,001510","1,63M"
"26.08.2018","0,001524","0,001501","0,001534","0,001481","760,05K"
"25.08.2018","0,001500","0,001525","0,001525","0,001486","699,95K"
"24.08.2018","0,001526","0,001498","0,001547","0,001466","824,10K"
"23.08.2018","0,001496","0,001497","0,001500","0,001465","704,79K"
"22.08.2018","0,001492","0,001502","0,001521","0,001466","781,58K"
"21.08.2018","0,001499","0,001541","0,001541","0,001464","424,02K"
"20.08.2018","0,001541","0,001562","0,001570","0,001507","538,32K"
"19.08.2018","0,001565","0,001549","0,001595","0,001528","752,73K"
"18.08.2018","0,001551","0,001651","0,001666","0,001500","860,22K"
"17.08.2018","0,001651","0,001547","0,001657","0,001539","1,20M"
"16.08.2018","0,001544","0,001518","0,001561","0,001483","859,31K"
"15.08.2018","0,001526","0,001520","0,001694","0,001492","1,39M"
"14.08.2018","0,001520","0,001645","0,001645","0,001421","1,41M"
"13.08.2018","0,001639","0,001864","0,001872","0,001613","1,18M"
"12.08.2018","0,001868","0,001874","0,001879","0,001800","776,85K"
"11.08.2018","0,001879","0,001972","0,001978","0,001811","893,34K"
"10.08.2018","0,001966","0,001949","0,001973","0,001918","1,18M"
"09.08.2018","0,001955","0,001935","0,001995","0,001903","1,29M"
"08.08.2018","0,001933","0,001956","0,001967","0,001877","1,46M"
"07.08.2018","0,001952","0,001968","0,001986","0,001906","1,49M"
"06.08.2018","0,001973","0,001943","0,001985","0,001907","1,59M"
"05.08.2018","0,001939","0,001979","0,001991","0,001893","1,60M"
"04.08.2018","0,001975","0,001901","0,001989","0,001864","2,20M"
"03.08.2018","0,001902","0,001880","0,001928","0,001844","2,47M"
"02.08.2018","0,001880","0,001795","0,001884","0,001745","1,80M"
"01.08.2018","0,001795","0,001787","0,001854","0,001744","1,68M"
"31.07.2018","0,001788","0,001615","0,001830","0,001602","2,22M"
"30.07.2018","0,001616","0,001700","0,001710","0,001605","915,67K"
"29.07.2018","0,001700","0,001779","0,001790","0,001661","1,60M"
"28.07.2018","0,001782","0,001709","0,001837","0,001679","1,89M"
"27.07.2018","0,001708","0,001687","0,001750","0,001647","1,97M"
"26.07.2018","0,001682","0,001588","0,001696","0,001570","1,93M"
"25.07.2018","0,001590","0,001451","0,001650","0,001443","2,24M"
"24.07.2018","0,001443","0,001558","0,001561","0,001431","1,47M"
"23.07.2018","0,001556","0,001643","0,001644","0,001535","868,04K"
"22.07.2018","0,001641","0,001648","0,001659","0,001617","580,43K"
"21.07.2018","0,001645","0,001648","0,001680","0,001627","837,13K"
"20.07.2018","0,001646","0,001735","0,001743","0,001610","964,47K"
"19.07.2018","0,001733","0,001740","0,001809","0,001709","1,24M"
"18.07.2018","0,001743","0,001878","0,001889","0,001738","1,89M"
"17.07.2018","0,001876","0,001990","0,002007","0,001840","2,00M"
"16.07.2018","0,001991","0,001936","0,002056","0,001915","1,27M"
"15.07.2018","0,001934","0,001929","0,001942","0,001920","807,12K"
"14.07.2018","0,001929","0,001955","0,001965","0,001919","634,16K"
"13.07.2018","0,001958","0,001939","0,001987","0,001933","794,98K"
"12.07.2018","0,001941","0,001990","0,002005","0,001937","606,25K"
"11.07.2018","0,001991","0,002030","0,002030","0,001931","844,09K"
"10.07.2018","0,002030","0,002030","0,002048","0,001977","878,42K"
"09.07.2018","0,002030","0,002087","0,002093","0,002026","959,59K"
"08.07.2018","0,002087","0,002094","0,002102","0,002058","1,54M"
"07.07.2018","0,002093","0,002032","0,002167","0,002025","2,26M"
"06.07.2018","0,002032","0,002117","0,002118","0,002021","753,18K"
"05.07.2018","0,002109","0,002128","0,002135","0,002070","859,57K"
"04.07.2018","0,002127","0,002176","0,002176","0,002090","761,32K"
"03.07.2018","0,002174","0,002208","0,002228","0,002131","1,18M"
"02.07.2018","0,002206","0,002260","0,002270","0,002166","1,07M"
"01.07.2018","0,002260","0,002297","0,002297","0,002243","855,12K"
"30.06.2018","0,002293","0,002338","0,002360","0,002233","1,09M"
"29.06.2018","0,002337","0,002418","0,002430","0,002317","1,19M"
"28.06.2018","0,002417","0,002292","0,002440","0,002266","1,56M"
"27.06.2018","0,002293","0,002318","0,002350","0,002280","1,06M"
"26.06.2018","0,002314","0,002385","0,002404","0,002272","756,93K"
"25.06.2018","0,002386","0,002348","0,002420","0,002252","1,14M"
"24.06.2018","0,002348","0,002536","0,002546","0,002309","1,68M"
"23.06.2018","0,002537","0,002574","0,002618","0,002521","1,80M"
"22.06.2018","0,002574","0,002543","0,002610","0,002471","2,58M"
"21.06.2018","0,002542","0,002380","0,002586","0,002357","2,63M"
"20.06.2018","0,002377","0,002486","0,002501","0,002344","1,35M"
"19.06.2018","0,002486","0,002500","0,002522","0,002386","1,87M"
"18.06.2018","0,002508","0,002575","0,002655","0,002491","2,45M"
"17.06.2018","0,002561","0,002430","0,002632","0,002418","2,54M"
"16.06.2018","0,002431","0,002345","0,002444","0,002324","2,12M"
"15.06.2018","0,002347","0,002236","0,002389","0,002228","1,84M"
"14.06.2018","0,002233","0,002314","0,002340","0,002204","1,58M"
"13.06.2018","0,002314","0,002333","0,002395","0,002217","2,16M"
"12.06.2018","0,002332","0,002252","0,002371","0,002201","2,52M"
"11.06.2018","0,002251","0,002096","0,002251","0,002050","2,29M"
"10.06.2018","0,002096","0,002141","0,002157","0,002016","1,97M"
"09.06.2018","0,002135","0,002137","0,002202","0,002104","2,39M"
"08.06.2018","0,002135","0,002124","0,002164","0,002069","2,55M"
"07.06.2018","0,002117","0,002256","0,002270","0,002110","3,32M"
"06.06.2018","0,002258","0,002046","0,002285","0,002010","4,17M"
"05.06.2018","0,002048","0,001904","0,002059","0,001901","3,19M"
"04.06.2018","0,001904","0,001903","0,001909","0,001827","1,90M"
"03.06.2018","0,001903","0,001922","0,001954","0,001864","2,50M"
"02.06.2018","0,001923","0,001896","0,001948","0,001864","2,77M"
"01.06.2018","0,001893","0,001900","0,001934","0,001850","2,64M"
"31.05.2018","0,001899","0,001706","0,001900","0,001690","3,04M"
"30.05.2018","0,001704","0,001689","0,001704","0,001661","1,49M"
"29.05.2018","0,001686","0,001675","0,001705","0,001652","1,64M"
"28.05.2018","0,001670","0,001717","0,001729","0,001647","1,21M"
"27.05.2018","0,001716","0,001740","0,001750","0,001689","1,51M"
"26.05.2018","0,001740","0,001743","0,001759","0,001719","1,82M"
"25.05.2018","0,001747","0,001721","0,001762","0,001710","1,97M"
"24.05.2018","0,001719","0,001668","0,001722","0,001655","2,06M"
"23.05.2018","0,001664","0,001737","0,001741","0,001618","2,21M"
"22.05.2018","0,001738","0,001750","0,001799","0,001701","2,97M"
"21.05.2018","0,001754","0,001656","0,001764","0,001632","3,45M"
"20.05.2018","0,001658","0,001740","0,001750","0,001610","3,43M"
"19.05.2018","0,001738","0,001833","0,001906","0,001685","4,79M"
"18.05.2018","0,001833","0,001536","0,002000","0,001518","8,10M"
"17.05.2018","0,001538","0,001473","0,001589","0,001473","1,73M"
"16.05.2018","0,001472","0,001482","0,001484","0,001459","1,07M"
"15.05.2018","0,001482","0,001482","0,001517","0,001478","1,37M"
"14.05.2018","0,001481","0,001516","0,001516","0,001476","1,28M"
"13.05.2018","0,001517","0,001531","0,001564","0,001480","2,59M"
"12.05.2018","0,001530","0,001545","0,001554","0,001485","1,08M"
"11.05.2018","0,001547","0,001531","0,001574","0,001477","1,41M"
"10.05.2018","0,001534","0,001574","0,001620","0,001510","1,81M"
"09.05.2018","0,001572","0,001470","0,001592","0,001446","2,47M"
"08.05.2018","0,001470","0,001463","0,001475","0,001433","1,16M"
"07.05.2018","0,001465","0,001450","0,001467","0,001408","1,27M"
"06.05.2018","0,001451","0,001465","0,001528","0,001431","1,62M"
"05.05.2018","0,001462","0,001480","0,001481","0,001437","1,48M"
"04.05.2018","0,001478","0,001497","0,001517","0,001472","1,57M"
"03.05.2018","0,001502","0,001562","0,001572","0,001495","2,12M"
"02.05.2018","0,001560","0,001560","0,001569","0,001534","1,69M"
"01.05.2018","0,001560","0,001550","0,001566","0,001513","1,75M"
"30.04.2018","0,001549","0,001599","0,001609","0,001529","1,69M"
"29.04.2018","0,001600","0,001625","0,001627","0,001577","1,94M"
"28.04.2018","0,001624","0,001600","0,001645","0,001594","2,64M"
"27.04.2018","0,001600","0,001576","0,001600","0,001549","2,55M"
"26.04.2018","0,001577","0,001506","0,001628","0,001505","2,92M"
"25.04.2018","0,001506","0,001570","0,001637","0,001470","2,71M"
"24.04.2018","0,001570","0,001527","0,001648","0,001494","4,22M"
"23.04.2018","0,001527","0,001466","0,001554","0,001454","3,25M"
"22.04.2018","0,001465","0,001496","0,001516","0,001445","2,15M"
"21.04.2018","0,001498","0,001419","0,001578","0,001408","3,60M"
"20.04.2018","0,001420","0,001493","0,001494","0,001418","2,05M"
"19.04.2018","0,001495","0,001506","0,001528","0,001464","2,22M"
"18.04.2018","0,001505","0,001493","0,001525","0,001418","2,46M"
"17.04.2018","0,001492","0,001518","0,001548","0,001475","2,12M"
"16.04.2018","0,001517","0,001562","0,001568","0,001513","1,99M"
"15.04.2018","0,001562","0,001657","0,001684","0,001551","3,02M"
"14.04.2018","0,001661","0,001722","0,001724","0,001625","2,30M"
"13.04.2018","0,001718","0,001647","0,001764","0,001594","3,72M"
"12.04.2018","0,001641","0,001768","0,001795","0,001584","3,47M"
"11.04.2018","0,001773","0,001765","0,001773","0,001714","2,46M"
"10.04.2018","0,001764","0,001755","0,001828","0,001743","2,34M"
"09.04.2018","0,001754","0,001728","0,001779","0,001705","2,20M"
"08.04.2018","0,001728","0,001810","0,001813","0,001726","2,05M"
"07.04.2018","0,001810","0,001857","0,001861","0,001766","2,26M"
"06.04.2018","0,001855","0,001845","0,001870","0,001822","2,56M"
"05.04.2018","0,001845","0,001791","0,001855","0,001780","2,78M"
"04.04.2018","0,001791","0,001795","0,001832","0,001676","3,07M"
"03.04.2018","0,001796","0,001786","0,001888","0,001684","3,74M"
"02.04.2018","0,001785","0,001628","0,001800","0,001593","3,45M"
"01.04.2018","0,001627","0,001597","0,001645","0,001580","2,90M"
"31.03.2018","0,001597","0,001520","0,001628","0,001485","2,77M"
"30.03.2018","0,001517","0,001436","0,001517","0,001424","2,38M"
"29.03.2018","0,001436","0,001465","0,001482","0,001428","2,86M"
"28.03.2018","0,001467","0,001479","0,001524","0,001445","3,26M"
"27.03.2018","0,001476","0,001477","0,001505","0,001400","3,37M"
"26.03.2018","0,001474","0,001531","0,001534","0,001377","3,97M"
"25.03.2018","0,001525","0,001547","0,001667","0,001457","6,39M"
"24.03.2018","0,001543","0,001321","0,001676","0,001305","8,45M"
"23.03.2018","0,001318","0,001157","0,001390","0,001131","6,38M"
"22.03.2018","0,001157","0,001120","0,001218","0,001112","4,41M"
"21.03.2018","0,001120","0,001030","0,001137","0,001018","5,01M"
"20.03.2018","0,001029","0,001049","0,001054","0,001017","3,91M"
"19.03.2018","0,001049","0,001096","0,001107","0,001011","3,95M"
"18.03.2018","0,001091","0,001140","0,001141","0,001061","4,28M"
"17.03.2018","0,001139","0,001096","0,001153","0,001088","4,52M"
"16.03.2018","0,001099","0,001105","0,001115","0,001073","4,63M"
"15.03.2018","0,001109","0,001092","0,001146","0,001070","4,83M"
"14.03.2018","0,001091","0,001113","0,001168","0,001061","6,27M"
"13.03.2018","0,001110","0,000880","0,001200","0,000873","11,27M"
"12.03.2018","0,000878","0,000866","0,000880","0,000858","2,62M"
"11.03.2018","0,000865","0,000872","0,000881","0,000857","1,90M"
"10.03.2018","0,000872","0,000899","0,000899","0,000863","2,15M"
"09.03.2018","0,000896","0,000886","0,000898","0,000834","1,91M"
"08.03.2018","0,000891","0,000914","0,000914","0,000861","2,65M"
"07.03.2018","0,000912","0,000878","0,000963","0,000835","3,70M"
"06.03.2018","0,000877","0,000880","0,000894","0,000857","1,91M"
"05.03.2018","0,000878","0,000905","0,000906","0,000871","2,34M"
"04.03.2018","0,000903","0,000891","0,000923","0,000887","1,95M"
"03.03.2018","0,000892","0,000928","0,000938","0,000883","2,16M"
"02.03.2018","0,000928","0,000961","0,000961","0,000921","2,71M"
"01.03.2018","0,000959","0,001012","0,001024","0,000950","3,91M"
"28.02.2018","0,001013","0,001000","0,001023","0,000983","3,39M"
"27.02.2018","0,001000","0,000962","0,001052","0,000962","4,41M"
"26.02.2018","0,000962","0,000979","0,000980","0,000947","2,26M"
"25.02.2018","0,000977","0,000940","0,000980","0,000937","2,42M"
"24.02.2018","0,000940","0,000960","0,000960","0,000916","2,11M"
"23.02.2018","0,000958","0,000904","0,000959","0,000892","2,36M"
"22.02.2018","0,000903","0,000902","0,000910","0,000883","1,83M"
"21.02.2018","0,000900","0,000883","0,000913","0,000868","1,79M"
"20.02.2018","0,000882","0,000992","0,000993","0,000871","2,10M"
"19.02.2018","0,000992","0,001027","0,001039","0,000989","2,13M"
"18.02.2018","0,001026","0,001058","0,001058","0,001011","1,92M"
"17.02.2018","0,001057","0,001105","0,001130","0,001057","2,43M"
"16.02.2018","0,001103","0,001086","0,001103","0,001060","2,69M"
"15.02.2018","0,001087","0,001097","0,001146","0,001064","3,00M"
"14.02.2018","0,001095","0,001055","0,001124","0,001025","2,46M"
"13.02.2018","0,001055","0,001048","0,001065","0,001037","1,96M"
"12.02.2018","0,001051","0,001080","0,001090","0,001038","1,92M"
"11.02.2018","0,001077","0,001084","0,001109","0,001038","2,95M"
"10.02.2018","0,001084","0,001135","0,001160","0,001075","2,97M"
"09.02.2018","0,001135","0,001144","0,001154","0,001106","3,40M"
"08.02.2018","0,001063","0,001064","0,001073","0,001062","2,52M"
"07.02.2018","0,001064","0,001080","0,001096","0,001017","2,53M"
"06.02.2018","0,001074","0,000971","0,001098","0,000915","3,07M"
"05.02.2018","0,000970","0,001026","0,001030","0,000906","2,05M"
"04.02.2018","0,001026","0,001061","0,001061","0,001002","1,60M"
"03.02.2018","0,001061","0,001100","0,001110","0,001042","1,81M"
"02.02.2018","0,001099","0,001032","0,001169","0,000911","2,66M"
"01.02.2018","0,001037","0,001100","0,001121","0,000988","2,21M"
"31.01.2018","0,001100","0,001119","0,001123","0,001067","1,89M"
"30.01.2018","0,001122","0,001139","0,001142","0,001111","2,01M"
"29.01.2018","0,001139","0,001159","0,001168","0,001137","3,10M"
"28.01.2018","0,001161","0,001165","0,001178","0,001135","3,70M"
"27.01.2018","0,001165","0,001186","0,001190","0,001152","4,03M"
"26.01.2018","0,001186","0,001180","0,001196","0,001154","5,07M"
"25.01.2018","0,001179","0,001218","0,001218","0,001174","4,66M"
"24.01.2018","0,001209","0,001218","0,001260","0,001191","3,57M"
"23.01.2018","0,001212","0,001200","0,001238","0,001163","2,35M"
"22.01.2018","0,001198","0,001226","0,001237","0,001160","4,80M"
"21.01.2018","0,001226","0,001267","0,001279","0,001178","4,53M"
"20.01.2018","0,001266","0,001303","0,001312","0,001249","4,71M"
"19.01.2018","0,001302","0,001283","0,001374","0,001254","3,59M"
"18.01.2018","0,001275","0,001289","0,001376","0,001247","4,35M"
"17.01.2018","0,001288","0,001208","0,001348","0,001044","6,51M"
"16.01.2018","0,001210","0,001441","0,001444","0,000800","12,74M"
"15.01.2018","0,001440","0,001520","0,001725","0,001341","6,76M"
"14.01.2018","0,001523","0,001553","0,001567","0,001440","2,84M"
"13.01.2018","0,001553","0,001618","0,001638","0,001501","4,21M"
"12.01.2018","0,001619","0,001582","0,001830","0,001463","10,07M"
"11.01.2018","0,001600","0,001180","0,001750","0,001152","10,12M"
"10.01.2018","0,001177","0,001213","0,001218","0,001100","3,51M"
"09.01.2018","0,001213","0,001211","0,001327","0,001161","6,39M"
"08.01.2018","0,001211","0,001151","0,001264","0,001080","8,69M"
"07.01.2018","0,001151","0,001324","0,001356","0,001121","5,14M"
"06.01.2018","0,001324","0,000880","0,001420","0,000876","12,66M"
"05.01.2018","0,000880","0,000608","0,000995","0,000594","13,32M"
"04.01.2018","0,000605","0,000626","0,000637","0,000579","6,65M"
"03.01.2018","0,000626","0,000593","0,000640","0,000532","3,53M"
"02.01.2018","0,000593","0,000632","0,000637","0,000529","4,35M"
"01.01.2018","0,000632","0,000623","0,000632","0,000609","2,31M"
"31.12.2017","0,000623","0,000614","0,000653","0,000586","3,52M"
"30.12.2017","0,000614","0,000607","0,000619","0,000582","3,28M"
"29.12.2017","0,000607","0,000655","0,000655","0,000590","3,31M"
"28.12.2017","0,000655","0,000652","0,000665","0,000579","5,84M"
"27.12.2017","0,000652","0,000590","0,000690","0,000538","9,51M"
"26.12.2017","0,000590","0,000473","0,000690","0,000445","10,61M"
"25.12.2017","0,000473","0,000383","0,000500","0,000381","5,21M"
"24.12.2017","0,000383","0,000339","0,000405","0,000311","4,48M"
"23.12.2017","0,000339","0,000322","0,000345","0,000316","3,19M"
"22.12.2017","0,000322","0,000332","0,000343","0,000302","3,37M"
"21.12.2017","0,000332","0,000314","0,000340","0,000306","4,64M"
"20.12.2017","0,000314","0,000330","0,000330","0,000301","3,52M"
"19.12.2017","0,000330","0,000317","0,000360","0,000308","7,37M"
"18.12.2017","0,000317","0,000318","0,000326","0,000278","5,71M"
"17.12.2017","0,000318","0,000242","0,000340","0,000240","9,45M"
"16.12.2017","0,000242","0,000240","0,000257","0,000220","5,23M"
"15.12.2017","0,000240","0,000192","0,000250","0,000170","5,73M"
"14.12.2017","0,000192","0,000171","0,000192","0,000166","3,77M"
"13.12.2017","0,000171","0,000158","0,000172","0,000152","2,88M"
"12.12.2017","0,000158","0,000163","0,000168","0,000151","2,19M"
"11.12.2017","0,000163","0,000167","0,000173","0,000151","2,13M"
"10.12.2017","0,000167","0,000181","0,000183","0,000157","1,62M"
"09.12.2017","0,000181","0,000176","0,000181","0,000166","2,34M"
"08.12.2017","0,000176","0,000161","0,000187","0,000146","3,90M"
"07.12.2017","0,000161","0,000188","0,000209","0,000160","3,52M"
"06.12.2017","0,000188","0,000222","0,000239","0,000183","3,72M"
"05.12.2017","0,000222","0,000219","0,000238","0,000215","3,63M"
"04.12.2017","0,000219","0,000205","0,000227","0,000200","3,58M"
"03.12.2017","0,000205","0,000190","0,000234","0,000185","2,86M"
"02.12.2017","0,000190","0,000190","0,000193","0,000184","1,35M"
"01.12.2017","0,000190","0,000200","0,000210","0,000186","2,98M"
"30.11.2017","0,000200","0,000181","0,000201","0,000178","3,83M"
"29.11.2017","0,000181","0,000194","0,000195","0,000174","5,45M"
"28.11.2017","0,000194","0,000203","0,000203","0,000186","1,88M"
"27.11.2017","0,000203","0,000204","0,000205","0,000185","2,20M"
"26.11.2017","0,000204","0,000218","0,000221","0,000196","2,19M"
"25.11.2017","0,000218","0,000213","0,000234","0,000202","4,53M"
"24.11.2017","0,000213","0,000198","0,000223","0,000186","4,25M"
"23.11.2017","0,000198","0,000197","0,000198","0,000189","3,29M"
"22.11.2017","0,000197","0,000196","0,000200","0,000190","1,98M"
"21.11.2017","0,000196","0,000198","0,000201","0,000190","1,48M"
"20.11.2017","0,000198","0,000200","0,000202","0,000194","1,85M"
"19.11.2017","0,000200","0,000214","0,000219","0,000195","2,35M"
"18.11.2017","0,000214","0,000198","0,000215","0,000195","2,52M"
"17.11.2017","0,000198","0,000201","0,000201","0,000189","2,15M"
"16.11.2017","0,000201","0,000215","0,000235","0,000197","2,69M"
"15.11.2017","0,000215","0,000241","0,000241","0,000201","2,12M"
"14.11.2017","0,000241","0,000263","0,000263","0,000235","1,82M"
"13.11.2017","0,000263","0,000258","0,000271","0,000250","3,57M"
"12.11.2017","0,000258","0,000266","0,000275","0,000243","4,65M"
"11.11.2017","0,000266","0,000274","0,000284","0,000250","2,66M"
"10.11.2017","0,000274","0,000281","0,000285","0,000250","3,40M"
"09.11.2017","0,000281","0,000274","0,000304","0,000261","4,82M"
"08.11.2017","0,000274","0,000253","0,000289","0,000240","5,13M"
"07.11.2017","0,000253","0,000226","0,000257","0,000217","2,74M"
"06.11.2017","0,000226","0,000207","0,000228","0,000202","2,29M"
"05.11.2017","0,000207","0,000222","0,000222","0,000194","1,38M"
"04.11.2017","0,000222","0,000204","0,000235","0,000196","2,08M"
"03.11.2017","0,000204","0,000184","0,000205","0,000183","1,82M"
"02.11.2017","0,000184","0,000187","0,000199","0,000175","1,99M"
"01.11.2017","0,000187","0,000209","0,000209","0,000181","1,26M"
"31.10.2017","0,000209","0,000218","0,000230","0,000197","2,08M"
"30.10.2017","0,000218","0,000201","0,000225","0,000196","1,46M"
"29.10.2017","0,000201","0,000207","0,000208","0,000192","1,27M"
"28.10.2017","0,000207","0,000207","0,000209","0,000198","1,19M"
"27.10.2017","0,000207","0,000207","0,000209","0,000188","1,34M"
"26.10.2017","0,000207","0,000222","0,000222","0,000190","1,57M"
"25.10.2017","0,000222","0,000226","0,000230","0,000214","1,46M"
"24.10.2017","0,000226","0,000200","0,000245","0,000196","2,89M"
"23.10.2017","0,000200","0,000201","0,000214","0,000190","1,56M"
"22.10.2017","0,000201","0,000210","0,000220","0,000200","1,09M"
"21.10.2017","0,000210","0,000207","0,000210","0,000193","833,04K"
"20.10.2017","0,000207","0,000226","0,000240","0,000201","1,07M"
"19.10.2017","0,000226","0,000238","0,000242","0,000219","1,01M"
"18.10.2017","0,000238","0,000249","0,000260","0,000233","1,38M"
"17.10.2017","0,000249","0,000251","0,000258","0,000242","1,02M"
"16.10.2017","0,000251","0,000274","0,000282","0,000243","1,60M"
"15.10.2017","0,000274","0,000265","0,000289","0,000240","3,03M"
"14.10.2017","0,000265","0,000258","0,000269","0,000250","1,75M"
"13.10.2017","0,000258","0,000249","0,000270","0,000205","2,84M"
"12.10.2017","0,000249","0,000299","0,000299","0,000238","3,17M"
"11.10.2017","0,000299","0,000296","0,000315","0,000285","3,53M"
"10.10.2017","0,000296","0,000301","0,000309","0,000278","3,99M"
"09.10.2017","0,000301","0,000260","0,000339","0,000257","5,45M"
"08.10.2017","0,000260","0,000359","0,000364","0,000252","2,75M"
"07.10.2017","0,000359","0,000369","0,000370","0,000342","3,01M"
"06.10.2017","0,000369","0,000390","0,000400","0,000350","3,15M"
"05.10.2017","0,000390","0,000388","0,000405","0,000339","3,78M"
"04.10.2017","0,000388","0,000427","0,000431","0,000361","3,73M"
"03.10.2017","0,000427","0,000448","0,000460","0,000389","6,69M"
"02.10.2017","0,000448","0,000346","0,000451","0,000344","8,36M"
"01.10.2017","0,000346","0,000296","0,000349","0,000291","5,01M"
"30.09.2017","0,000296","0,000305","0,000314","0,000286","4,03M"
"29.09.2017","0,000305","0,000328","0,000333","0,000278","5,58M"
"28.09.2017","0,000328","0,000274","0,000342","0,000271","8,23M"
"27.09.2017","0,000274","0,000222","0,000289","0,000220","6,14M"
"26.09.2017","0,000222","0,000236","0,000240","0,000220","2,92M"
"25.09.2017","0,000236","0,000214","0,000238","0,000207","3,27M"
"24.09.2017","0,000214","0,000204","0,000214","0,000200","2,41M"
"23.09.2017","0,000204","0,000199","0,000206","0,000198","2,44M"
"22.09.2017","0,000199","0,000194","0,000199","0,000189","2,35M"
"21.09.2017","0,000194","0,000200","0,000202","0,000188","2,54M"
"20.09.2017","0,000200","0,000211","0,000211","0,000191","2,85M"
"19.09.2017","0,000211","0,000221","0,000224","0,000200","2,79M"
"18.09.2017","0,000221","0,000215","0,000230","0,000210","3,35M"
"17.09.2017","0,000215","0,000216","0,000221","0,000207","929,08K"
"16.09.2017","0,000216","0,000216","0,000245","0,000203","2,44M"
"15.09.2017","0,000216","0,000212","0,000228","0,000175","3,93M"
"14.09.2017","0,000212","0,000242","0,000244","0,000203","3,15M"
"13.09.2017","0,000242","0,000250","0,000250","0,000223","1,95M"
"12.09.2017","0,000250","0,000248","0,000280","0,000238","4,95M"
"11.09.2017","0,000248","0,000223","0,000262","0,000217","3,79M"
"10.09.2017","0,000223","0,000224","0,000233","0,000206","2,26M"
"09.09.2017","0,000224","0,000233","0,000240","0,000199","2,70M"
"08.09.2017","0,000233","0,000300","0,000303","0,000205","6,47M"
"07.09.2017","0,000300","0,000218","0,000338","0,000203","7,56M"
"06.09.2017","0,000218","0,000224","0,000260","0,000150","9,09M"
"05.09.2017","0,000224","0,000240","0,000259","0,000174","6,98M"
"04.09.2017","0,000240","0,000341","0,000342","0,000129","13,46M"
"03.09.2017","0,000341","0,000434","0,000434","0,000313","4,64M"
"02.09.2017","0,000434","0,000495","0,000585","0,000380","7,71M"
"01.09.2017","0,000495","0,000475","0,000497","0,000449","5,79M"
"31.08.2017","0,000475","0,000516","0,000521","0,000462","5,96M"
"30.08.2017","0,000516","0,000499","0,000520","0,000455","6,72M"
"29.08.2017","0,000499","0,000483","0,000512","0,000450","5,70M"
"28.08.2017","0,000483","0,000461","0,000510","0,000452","5,13M"
"27.08.2017","0,000461","0,000505","0,000535","0,000420","5,43M"
"26.08.2017","0,000505","0,000596","0,000596","0,000444","9,63M"
"25.08.2017","0,000596","0,000549","0,000651","0,000549","14,56M"
"24.08.2017","0,000549","0,000631","0,000646","0,000530","10,74M"
"23.08.2017","0,000631","0,000608","0,000698","0,000601","14,93M"
"22.08.2017","0,000608","0,000682","0,000688","0,000539","12,59M"
"21.08.2017","0,000682","0,000618","0,000720","0,000590","16,01M"
"20.08.2017","0,000618","0,000498","0,000650","0,000450","16,88M"
"19.08.2017","0,000498","0,000587","0,000587","0,000435","10,92M"
"18.08.2017","0,000587","0,000459","0,000648","0,000441","15,99M"
"17.08.2017","0,000459","0,000329","0,000490","0,000306","20,11M"
"16.08.2017","0,000329","0,000257","0,000338","0,000254","13,27M"
"15.08.2017","0,000257","0,000303","0,000330","0,000220","9,26M"
"14.08.2017","0,000303","0,000212","0,000359","0,000177","22,07M"
"13.08.2017","0,000212","0,000115","0,000250","0,000114","14,67M"
"12.08.2017","0,000115","0,000107","0,000121","0,000092","10,18M"
"11.08.2017","0,000107","0,000102","0,000111","0,000089","10,13M"
"10.08.2017","0,000102","0,000074","0,000103","0,000072","10,87M"
"09.08.2017","0,000074","0,000066","0,000077","0,000058","11,67M"
"08.08.2017","0,000066","0,000044","0,000066","0,000044","10,72M"
"07.08.2017","0,000044","0,000041","0,000044","0,000041","5,39M"
"06.08.2017","0,000041","0,000040","0,000041","0,000039","2,72M"
"05.08.2017","0,000040","0,000038","0,000045","0,000035","3,82M"
"04.08.2017","0,000038","0,000038","0,000038","0,000037","2,58M"
"03.08.2017","0,000038","0,000037","0,000039","0,000036","2,53M"
"02.08.2017","0,000037","0,000037","0,000038","0,000036","2,40M"
"01.08.2017","0,000037","0,000037","0,000037","0,000035","2,74M"
"31.07.2017","0,000037","0,000039","0,000039","0,000036","2,12M"
"30.07.2017","0,000039","0,000040","0,000040","0,000037","2,01M"
"29.07.2017","0,000040","0,000038","0,000041","0,000037","2,94M"
"28.07.2017","0,000038","0,000041","0,000041","0,000037","2,96M"
"27.07.2017","0,000041","0,000042","0,000042","0,000039","2,94M"
"26.07.2017","0,000042","0,000041","0,000043","0,000040","1,71M"
"25.07.2017","0,000041","0,000042","0,000042","0,000041","1,25M"
"24.07.2017","0,000042","0,000043","0,000043","0,000042","1,33M"
"23.07.2017","0,000043","0,000042","0,000044","0,000040","4,88M"
"22.07.2017","0,000042","0,000042","0,000043","0,000040","2,47M"
"21.07.2017","0,000042","0,000041","0,000044","0,000039","2,13M"
"20.07.2017","0,000041","0,000048","0,000048","0,000041","4,26M"
"19.07.2017","0,000048","0,000038","0,000052","0,000038","3,19M"
"18.07.2017","0,000038","0,000040","0,000046","0,000038","2,66M"
"17.07.2017","0,000040","0,000039","0,000044","0,000038","1,87M"
"16.07.2017","0,000039","0,000038","0,000043","0,000037","1,99M"
"15.07.2017","0,000038","0,000039","0,000040","0,000031","3,36M"
